siruta,lhdi_2018_pred
153400.0,41.0
152314.0,40.0
151978.0,57.8
151709.0,39.9
155118.0,50.0
151736.0,42.3
125588.0,43.5
152234.0,47.3
127938.0,50.7
70879.0,45.5
103194.0,46.4
127251.0,44.9
130339.0,52.2
153589.0,42.6
154460.0,48.6
127224.0,43.0
105909.0,43.5
129282.0,48.4
127368.0,54.5
125542.0,58.5
71607.0,49.4
152500.0,39.6
179739.0,53.2
129745.0,46.8
129629.0,49.1
129718.0,52.9
153561.0,43.7
100549.0,51.9
129460.0,46.0
129898.0,50.2
130375.0,47.7
152662.0,33.8
74867.0,45.6
72463.0,43.2
72980.0,46.4
72034.0,51.0
126148.0,50.6
127750.0,42.1
73996.0,33.4
72579.0,37.6
103309.0,27.8
125962.0,45.5
70897.0,38.5
73460.0,32.8
128588.0,47.5
126077.0,52.8
72640.0,46.6
74842.0,32.0
154344.0,35.1
104715.0,44.4
71858.0,51.2
74108.0,47.0
130320.0,53.3
129184.0,49.9
104519.0,38.2
71956.0,38.6
74883.0,46.5
128560.0,43.5
70940.0,45.0
73736.0,53.1
128613.0,41.7
70673.0,50.8
151816.0,51.6
153909.0,34.5098685272
72098.0,43.1
130026.0,45.6
152332.0,33.4
74581.0,39.7
129567.0,37.4
103354.0,42.5
151790.0,65.0
125659.0,47.7
153776.0,35.8
70352.0,53.6
74554.0,38.4
70520.0,46.6
154996.0,24.7
102446.0,44.2
72533.0,43.7
74224.0,47.1
70316.0,48.1
126647.0,50.8
129040.0,30.3
153204.0,31.3
127144.0,46.4
128524.0,47.2
73031.0,48.8
101001.0,37.9
71698.0,39.5
71634.0,41.4
71812.0,46.1
103899.0,19.4
74891.0,46.2
72221.0,41.9
129095.0,46.0
70726.0,39.8
72383.0,43.9
73335.0,43.9
127536.0,44.5
103470.0,42.9
125472.0,63.7
70502.0,48.4
126585.0,33.3
101724.0,40.4
125490.0,46.0
128472.0,38.2
104118.0,39.2
152038.0,23.4
101804.0,50.4999999952
71787.0,43.9
72052.0,35.5
153865.0,25.7
100610.0,55.0
153507.0,29.3
105348.0,35.2
128864.0,34.6
113493.0,34.0
179766.0,46.6
103639.0,47.9
152172.0,34.6
72882.0,42.1
126718.0,41.1
104975.0,29.0
154415.0,43.4
72506.0,46.6
103372.0,40.5
73594.0,42.0
71457.0,25.4
154166.0,45.9
74322.0,42.4
126102.0,40.8
112744.0,38.7
71518.0,31.6
125622.0,53.7
153473.0,37.0
101662.0,45.2
105259.0,34.3
74915.0,52.5
180055.0,46.0
62486.0,44.0
104751.0,39.5
154932.0,31.7
74509.0,37.5
152724.0,37.7
105605.0,39.6
111444.0,42.6
74411.0,40.7
102419.0,39.1
74732.0,37.6
100638.0,37.5
130357.0,37.4
126978.0,39.3
105776.0,52.5
114079.0,39.1
72926.0,44.8
111550.0,35.1
129763.0,29.8
127386.0,25.0
105106.0,41.0
105384.0,35.9
155092.0,32.3
114060.0,39.2
127493.0,33.9
129111.0,33.4
127714.0,30.8
74750.0,33.9
71885.0,56.4
179588.0,71.2
111783.0,29.9
153437.0,26.4
73068.0,71.0
74028.0,36.5
127983.0,38.8
100781.0,50.1
113849.0,41.2
104083.0,27.0
72150.0,40.9
74859.0,91.3
151905.0,58.5
130311.0,27.6
154754.0,21.3
130384.0,43.8
105829.0,34.7
126406.0,27.4
126380.0,43.5
73503.0,35.2
154978.0,27.9
74359.0,32.5
105936.0,73.2
74705.0,38.6
129987.0,30.9
92569.0,60.6
74616.0,41.9
93325.0,49.0
93441.0,44.6
128178.0,40.8
94312.0,41.7
73923.0,36.4
126022.0,29.9
101984.0,29.5
112771.0,28.9
130348.0,33.9
93085.0,46.5
92587.0,51.1
125846.0,44.6
104323.0,45.8
179962.0,31.7
112030.0,31.3
113395.0,30.2
129246.0,35.9
94606.0,39.3
151996.0,35.5
74931.0,24.9
69900.0,69.7
71260.0,43.4
71536.0,12.4
73629.0,70.3
93664.0,48.0
94125.0,42.6
94651.0,46.1
102838.0,28.7
129585.0,26.5
112879.0,38.9
94580.0,32.2
127563.0,39.6
154228.0,33.6
154282.0,36.0
74135.0,12.8624278126
70986.0,16.9
101378.0,36.5
154068.0,26.3
128105.0,48.3
104225.0,37.5
93771.0,40.8
93815.0,41.5
105222.0,31.9
125677.0,39.6
113929.0,27.6
72409.0,72.7
105712.0,40.6
104635.0,41.0
127689.0,27.6
70094.0,67.4
17398.0,37.5
125873.0,47.4
104485.0,46.7
73772.0,38.0
103407.0,53.8
125374.0,71.4
93281.0,46.2
111417.0,30.0
74242.0,23.4
154665.0,23.8
127812.0,50.4
70968.0,21.6060387669
72604.0,17.2583143321
93931.0,38.8
94731.0,39.7
94768.0,37.1
110535.0,31.5
130302.0,36.7
128052.0,38.3
111863.0,55.9
127064.0,44.9
127322.0,46.5
112548.0,34.0
20048.0,37.4
71910.0,33.0
70174.0,59.3
104831.0,54.0
102348.0,37.0
101190.0,61.8
15064.0,35.2
130295.0,38.4
101163.0,73.0
153696.0,37.2
71723.0,16.3
74875.0,34.6
104341.0,36.9
70566.0,52.1
72819.0,24.7
130286.0,43.0
14450.0,43.2
74073.0,35.3
94492.0,51.0
110232.0,48.0
112806.0,20.3
92701.0,59.2
128374.0,54.0
19114.0,42.9
128221.0,55.4
74171.0,23.2
126326.0,33.4
126433.0,45.9
127625.0,31.4
93539.0,38.6
105455.0,34.0
68887.0,23.0
72677.0,49.5
103032.0,58.1
105972.0,39.7
93851.0,44.7
179775.0,68.1
113153.0,26.4631843651
102794.0,59.0
105623.0,51.1
16613.0,42.1
103087.0,38.3
70744.0,22.6
129139.0,36.4
126166.0,44.2
111480.0,35.3
19560.0,31.1
71055.0,53.1
18741.0,45.6
170612.0,40.2
92989.0,40.9
110946.0,39.3
179793.0,34.6
130366.0,41.4
101083.0,64.9
94223.0,48.4
92783.0,32.3
68431.0,45.3
129380.0,39.8
17575.0,48.6
127171.0,41.0
103764.0,13.6
73102.0,57.0
169583.0,56.4
111916.0,29.6
127901.0,34.1
102641.0,43.5684819221
112600.0,29.0
100576.0,69.9
105142.0,51.5
68468.0,50.9
70414.0,52.9
18938.0,46.1
112076.0,35.1
174218.0,59.7
69330.0,40.3
127858.0,37.2
68342.0,33.3
94535.0,47.5
179828.0,51.1
73371.0,41.5
174502.0,41.5
173748.0,52.8
92872.0,43.0
173793.0,42.3
67906.0,54.4
170952.0,38.0
101840.0,45.1
94376.0,36.2
100923.0,26.8
180000.0,35.7
67121.0,41.0
94161.0,41.3
104270.0,45.3
80560.0,42.7
126228.0,40.3
19212.0,36.2
82680.0,52.4
113974.0,21.1
129317.0,37.0972308899
68253.0,26.7
167981.0,63.9
101056.0,27.4
129816.0,39.1
68128.0,36.3
93628.0,40.5
173597.0,58.6
110116.0,44.3
65752.0,38.8
168452.0,52.2
66768.0,42.8
92836.0,62.1
171209.0,42.9
79237.0,46.2
93021.0,47.2
68627.0,57.0
101564.0,47.3
93067.0,51.4
93600.0,46.3
82314.0,48.4
102749.0,49.7
179819.0,50.3
94795.0,41.1
68529.0,45.5
112129.0,18.4
103862.0,40.4
94456.0,47.2
128301.0,36.2
111275.0,33.7
169306.0,50.9
66697.0,27.7
16944.0,43.2
94107.0,45.8
93995.0,44.9
65681.0,65.7
174511.0,33.7
19007.0,51.0
125757.0,31.9
170097.0,29.4
53489.0,48.0
68048.0,32.6
126503.0,39.9
79157.0,40.6
100852.0,43.6
13668.0,61.0
94269.0,35.6
111097.0,24.5
66955.0,32.5
172457.0,55.1
66401.0,45.3
128962.0,31.7
179800.0,46.8
100736.0,57.5
130231.0,32.7
170444.0,45.8
82779.0,43.3
180064.0,-3.54784972042e-13
67648.0,47.5
18581.0,46.0
68789.0,39.9
82617.0,65.5
171101.0,39.1
79077.0,43.2
100683.0,65.5
79497.0,43.4
92907.0,43.1
101243.0,31.5
112664.0,40.4
65707.0,43.9
126772.0,34.5
17824.0,54.7
94045.0,35.5
133508.0,65.9
110063.0,50.1
132226.0,50.2
110875.0,41.0
92765.0,48.5
136250.0,52.7
53853.0,43.3
94688.0,44.1
127411.0,20.7
100754.0,38.1
93209.0,39.8
93717.0,53.7
94429.0,44.7
105794.0,40.4
81656.0,44.8
179935.0,47.6
133429.0,38.9
174290.0,36.0
69170.0,52.0
171879.0,69.2
67167.0,37.0
100709.0,60.2664845551
67014.0,48.5
103283.0,59.0
13276.0,80.2
135431.0,49.9
68280.0,53.1
16757.0,59.4
180046.0,36.5
179971.0,36.9
82733.0,51.3
100870.0,35.3
67470.0,47.1
113625.0,30.1
80506.0,44.2
173855.0,32.1
173132.0,41.8
135850.0,45.6
169547.0,39.4
81264.0,44.3
93646.0,45.7
128882.0,26.8
18028.0,54.6
67292.0,40.2
170168.0,32.5
78604.0,44.8
82047.0,40.8
134942.0,53.5
13757.0,67.8
111685.0,38.3
80249.0,42.2
103960.0,39.5
66198.0,54.5
54387.0,43.5
110688.0,36.1372489202
80043.0,42.3
69250.0,57.8
81816.0,48.3
135146.0,43.8
82831.0,41.9
136241.0,50.9
66580.0,41.7
44435.0,41.5
132681.0,53.2
170872.0,35.9
42824.0,39.6
42968.0,35.1
129503.0,17.8872298693
79585.0,49.5
46910.0,52.1
54163.0,29.6
49439.0,40.1
18242.0,52.1
129914.0,25.8
112263.0,31.0
15554.0,17.0
113698.0,45.1
53513.0,50.5
135020.0,47.3
82243.0,43.1
78141.0,59.2
133018.0,41.9
80846.0,58.0
171806.0,40.3
130712.0,72.4
66731.0,60.6
43812.0,43.6
172947.0,37.7
133090.0,43.1
66474.0,54.2
170685.0,46.0
130552.0,63.8
134194.0,50.8
65501.0,67.8
46867.0,40.1
78828.0,68.3
132379.0,47.9
170514.0,57.6
54109.0,45.2
42842.0,41.6
52570.0,49.3
67675.0,44.5
130892.0,63.8
14085.0,52.7
172279.0,28.8
78454.0,65.3
48138.0,47.0
67407.0,52.8
15652.0,22.5
80613.0,40.4
79004.0,55.9
53700.0,51.9
65342.0,67.6
19392.0,22.2
170792.0,40.3
170346.0,42.4
51305.0,47.1
172698.0,32.6
172581.0,44.9
130614.0,61.8
47578.0,36.6
50564.0,50.4
133394.0,46.0
173374.0,36.3
67737.0,58.3
45496.0,35.9
172992.0,36.7
173686.0,43.0
68002.0,40.4
169404.0,21.3
131933.0,55.3
79656.0,48.2
80711.0,35.9
48744.0,42.4
67595.0,58.2
112959.0,35.4191969014
53345.0,55.3
80365.0,42.9
13301.0,76.1
110296.0,38.3
15108.0,61.7
168372.0,58.6
132752.0,45.6
44863.0,44.3
135896.0,53.4
65431.0,63.4
50923.0,58.5
133214.0,58.4
169994.0,45.8
65379.0,65.9
16132.0,32.1
135949.0,62.3
132075.0,72.4
14352.0,52.4
17209.0,54.7
65477.0,53.4
65413.0,55.9
78016.0,57.9
80123.0,46.6
65841.0,61.2
53103.0,48.3
47159.0,47.5
44328.0,36.6
78329.0,59.7
171628.0,42.8
79406.0,51.9
17101.0,58.7
172377.0,40.1
130785.0,62.9
68324.0,50.1
133161.0,58.9
68921.0,42.9
168602.0,48.7
47300.0,40.7
131620.0,62.1
47774.0,41.2
49046.0,45.3
169182.0,45.6
112995.0,37.5
16365.0,59.7
49545.0,43.1
19338.0,54.2
67522.0,40.3
82396.0,47.3
16285.0,46.4
17423.0,44.6
14726.0,48.5
53023.0,53.6
130847.0,82.1
80427.0,55.2
53274.0,48.0
78472.0,49.9
133330.0,63.6
131443.0,58.3
171469.0,42.0
169896.0,46.6
179640.0,54.1
133278.0,46.5
66009.0,58.5
46803.0,42.8
49153.0,36.8
51948.0,55.4
134390.0,60.4
81861.0,47.9
132510.0,51.3
77910.0,60.8
53675.0,56.9
43411.0,48.4
130981.0,70.7
51387.0,48.0
81497.0,32.1
52115.0,45.9
17913.0,40.6511778243
168791.0,64.0
65869.0,40.3
171325.0,60.0
133688.0,53.9
18778.0,57.7
169039.0,40.6
171995.0,50.8
66526.0,52.0
109924.0,51.8
53069.0,47.2393132587
44300.0,48.3
46251.0,38.8
133722.0,47.5
20055.0,43.2
167641.0,66.7
69063.0,52.2
54573.0,41.6
14165.0,53.3
171067.0,54.7
173533.0,49.9
77812.0,66.8
133615.0,43.3
81415.0,38.7
78668.0,60.3
46484.0,46.4
132459.0,47.2
179908.0,29.7
49849.0,46.6
132315.0,72.0
132716.0,49.1
65921.0,61.7
69447.0,40.0
172340.0,59.6
15901.0,48.0
45815.0,35.4
78748.0,53.2
46769.0,57.6
110027.0,39.6
15493.0,49.0
49625.0,45.8
135681.0,42.7784158011
132271.0,52.8
69526.0,53.9
133866.0,37.6952661944
171272.0,46.2
42771.0,38.7
80677.0,66.1
78873.0,46.3
135164.0,66.7
81754.0,43.2
42753.0,57.6
134443.0,50.3
52721.0,37.9
65609.0,60.3
79362.0,46.8
78542.0,46.3
132011.0,44.4
51573.0,54.8
173935.0,42.8
69394.0,49.9
16659.0,40.7
136198.0,44.8
47854.0,31.7
134899.0,54.0
133562.0,53.1
173061.0,48.1
170220.0,20.0
43313.0,58.2
66223.0,37.5
134336.0,48.7
17254.0,55.9
78089.0,63.9
172082.0,58.0
13622.0,64.0
51118.0,53.5
67942.0,46.1
135789.0,57.7
131256.0,70.1
52160.0,24.5
50889.0,42.1
179917.0,33.3
45619.0,39.4
19999.0,44.3
53327.0,45.8060661127
135244.0,37.7
53130.0,46.7
49019.0,38.5
132841.0,53.8011855447
48487.0,46.3
47453.0,55.9
19249.0,41.5
44818.0,66.7
49073.0,42.0
66438.0,55.9
17851.0,57.5
54500.0,46.9
131835.0,58.0
133919.0,34.4
136134.0,48.9
14673.0,48.4
168880.0,62.7
131899.0,55.3
135404.0,48.2
69303.0,42.0
52035.0,45.1901962734
44177.0,56.4
132645.0,41.0
18670.0,54.7
135501.0,43.6
131817.0,69.2
53577.0,47.4
15402.0,37.8
66330.0,48.9
19695.0,65.5
52990.0,54.7
135128.0,18.7
49956.0,48.1
19631.0,53.7
169351.0,61.0
134755.0,45.9
131988.0,46.4
43466.0,38.4
16454.0,63.2
17968.0,45.6
68565.0,40.8
172812.0,39.4986669633
15313.0,33.4
168559.0,47.2
47373.0,54.9
135547.0,49.4
132137.0,36.9
68404.0,53.9
17334.0,37.0
135654.0,55.3
46377.0,45.9
132486.0,45.1
132404.0,65.6
135725.0,52.3
49643.0,40.2
16551.0,45.1
52954.0,45.5974673807
46313.0,44.0
49206.0,53.5
19141.0,41.9
171539.0,45.2
131577.0,53.7
81184.0,52.7
13819.0,58.3
43652.0,43.7
81095.0,44.9
50102.0,55.8
51804.0,52.3
68716.0,47.1
14922.0,48.7
44140.0,37.6
54305.0,44.0
45753.0,36.4
44257.0,28.9
47337.0,46.2
44989.0,41.0
15448.0,46.8
50549.0,65.1
43117.0,34.8
50326.0,33.0
51243.0,45.0
48771.0,46.3
81987.0,41.7
132896.0,53.5
13999.0,39.5
82136.0,58.2
168041.0,58.9
131336.0,61.6
167909.0,67.7
15830.0,46.6
168675.0,55.2
54270.0,43.2
174021.0,51.9
54056.0,43.8
172894.0,51.5
134648.0,45.7
44560.0,68.0
132342.0,46.5
80908.0,39.2
135618.0,43.0
18858.0,47.5
15741.0,51.0
14753.0,57.6
50479.0,38.2
79308.0,58.5
43242.0,41.3
45334.0,50.9
46830.0,51.3
46019.0,48.0
81380.0,45.9
79834.0,45.2
48557.0,49.7
53167.0,54.7
45101.0,60.4
43732.0,39.7
52696.0,49.3
133795.0,53.2
135226.0,60.5
46554.0,29.7
44934.0,39.3
45361.0,53.9
157781.0,64.8
48325.0,52.2
131540.0,81.9
50415.0,43.1
48922.0,45.0
50022.0,53.1
160047.0,61.1110090855
43698.0,39.9
51546.0,25.6
54350.0,48.7
50987.0,58.5370094277
16472.0,42.3
14405.0,35.8
50790.0,62.6
87219.0,50.6
45888.0,32.4019374724
68182.0,59.9
48021.0,35.044420453
136278.0,40.5
46439.0,43.7186883437
87175.0,54.3
48968.0,36.6
45003.0,45.9
47818.0,42.909994098
174496.0,34.5409529901
172509.0,31.7
47006.0,43.7
13891.0,48.2
44391.0,58.7
45389.0,37.0
156669.0,58.3
49313.0,31.8
54412.0,43.4
47417.0,42.2828409784
136107.0,58.1
53425.0,47.0
51626.0,58.9
46108.0,38.2994715779
155458.0,65.8
13524.0,47.0
48165.0,39.2138489872
45539.0,40.6
47916.0,49.2
130954.0,72.6
50969.0,58.1
52758.0,63.3
175590.0,41.7
16908.0,63.9
132574.0,44.2
51010.0,62.2
40991.0,66.4943546391
160458.0,40.1
49769.0,42.5
51500.0,52.9
134096.0,57.3
16329.0,62.817438034
50228.0,41.3
40303.0,86.5
175206.0,40.3
49233.0,30.7
157273.0,52.4
87246.0,45.4
53247.0,51.3
159366.0,52.9
157086.0,52.2
54699.0,55.8244424041
45673.0,32.7
41471.0,69.9
91054.0,49.6
40633.0,79.6
159400.0,52.5
50068.0,26.120705564
176613.0,45.2
168755.0,38.8
177600.0,33.8
53639.0,56.0
76585.0,59.5
175439.0,41.0
159339.0,63.1
172153.0,39.6
18554.0,40.1
18527.0,64.2
54617.0,59.9
53210.0,62.0
175938.0,48.4
177986.0,41.3
14049.0,56.4
17771.0,40.2
51332.0,45.4
51207.0,60.9
178901.0,50.2
91624.0,60.7
157004.0,53.9
76996.0,48.2
52936.0,62.2
45245.0,16.0
176301.0,48.9
159035.0,53.2
53372.0,60.1
54537.0,58.2
91232.0,46.0
89348.0,50.8
47630.0,34.8
76353.0,50.4
47186.0,33.9
176551.0,26.8
157424.0,55.1
75098.0,63.4
176855.0,37.9
40492.0,61.7
42183.0,49.9
146021.0,57.8
145382.0,60.3924406411
156357.0,56.4
157923.0,60.5
145934.0,63.8
41621.0,55.9
90725.0,45.6
40438.0,61.9
157317.0,55.5
42398.0,64.0
178475.0,26.9
177726.0,48.7
42003.0,61.5
178821.0,36.6
175509.0,23.3
40688.0,36.2
176748.0,48.1
53728.0,51.8
145827.0,66.5
174824.0,53.1
157497.0,59.2
145355.0,63.3
159525.0,42.6
145471.0,74.2
42472.0,38.6
157031.0,57.0
159446.0,58.9
90119.0,50.2588166701
156623.0,58.2
88644.0,45.9
40214.0,82.2
156534.0,51.2
76969.0,46.7
175732.0,41.5
157898.0,60.7
42449.0,58.9
40465.0,60.5
177263.0,22.6
155403.0,65.7
41925.0,87.9
86936.0,58.1
89026.0,47.883880352
158449.0,57.9
63580.0,54.4
176944.0,31.7
158065.0,68.6
63633.0,43.9
158779.0,76.0
174780.0,53.4
144535.0,67.5
41346.0,58.4
41667.0,71.0
76558.0,43.1
174744.0,65.9
90342.0,54.6
178929.0,50.1
178689.0,41.9
40241.0,65.4
143735.0,72.2
41113.0,65.9
156311.0,56.6
63553.0,57.9602155829
156106.0,62.2
178965.0,27.5
145202.0,61.3
63937.0,35.1
155314.0,87.7
175126.0,21.2
42464.0,66.8
159142.0,51.9
41738.0,66.7
155350.0,65.5
42480.0,72.6
76282.0,44.4
64238.0,56.8
158243.0,59.6
144054.0,62.4
158699.0,74.1
155957.0,49.3
175019.0,58.8
47079.0,35.9
40606.0,71.2
145293.0,52.9
87424.0,55.4
41854.0,61.1
143487.0,73.8
177101.0,34.3
65011.0,47.6
145907.0,57.9
156927.0,53.8
157834.0,82.0
175466.0,40.5
42101.0,70.2
156473.0,65.1
143959.0,66.7
159516.0,71.0
144508.0,64.3
145275.0,57.9
42236.0,65.6
40928.0,58.0
176506.0,51.5
90262.0,48.4
156277.0,57.3
158895.0,49.0
177003.0,24.5
64639.0,48.1
159375.0,55.3
145792.0,74.4
64773.0,48.7
159071.0,52.9
176891.0,32.2
42307.0,64.3
64005.0,45.0
63526.0,66.1
76718.0,40.5
88216.0,51.349852629
176686.0,38.5
155797.0,64.4
155289.0,85.9
41417.0,66.0
158136.0,59.7
40278.0,62.0
158564.0,72.5
65099.0,47.1
64942.0,27.7
41818.0,62.8
145499.0,66.1
155243.0,76.4
158966.0,56.1
41578.0,60.9
64390.0,40.2
63394.0,70.7
156767.0,60.2
86749.0,62.7298391003
145408.0,52.5
4482.0,51.2
156589.0,51.5
144893.0,53.5737752735
155546.0,57.0
175368.0,42.4
7099.0,56.3
178750.0,25.5
156213.0,54.7
77536.0,33.8
64568.0,41.3
143851.0,65.2
41382.0,45.0
144928.0,65.9
178313.0,44.4
155840.0,52.8
4106.0,55.9
65048.0,45.0
145765.0,70.5
157193.0,55.8
158396.0,70.7
65113.0,59.0
178180.0,45.0
145140.0,47.5
157246.0,78.0
91982.0,57.9
157736.0,51.0
145998.0,41.9
63866.0,38.0
40857.0,49.5
178910.0,43.1
175224.0,36.3
159428.0,56.7
89954.0,53.4
143922.0,61.8
144456.0,58.6
144866.0,58.6157338934
7044.0,54.6
156801.0,53.2
6217.0,53.0
42076.0,57.3
158314.0,62.5
9019.0,53.5
7810.0,60.9
64318.0,45.5
155911.0,70.3
64345.0,47.9
40526.0,38.9
64130.0,42.4
65147.0,43.4459734723
178377.0,41.6
75258.0,54.7
178885.0,34.5
145603.0,64.3
143888.0,58.4
155662.0,48.4798966273
157585.0,49.8
158653.0,75.9
64906.0,47.3
144795.0,58.2
158181.0,62.6
158608.0,50.4756578664
4268.0,58.4830304078
63777.0,48.8
178545.0,38.1
64602.0,42.0
41177.0,54.8
144964.0,51.5
156437.0,58.2
89856.0,55.7
1874.0,70.5
157969.0,46.3777649601
42156.0,44.7
63893.0,43.6
156151.0,54.9236106441
41541.0,43.5
89240.0,49.5
159464.0,66.0
145042.0,54.9
64194.0,50.7
77509.0,39.8
4240.0,57.1
89080.0,43.9803456393
10006.0,52.4
177799.0,39.9
63740.0,67.2
156035.0,58.5310915428
178117.0,49.1
159419.0,59.6
145667.0,61.7
64504.0,48.2
41284.0,58.0
158528.0,63.6
3841.0,59.6803143792
7945.0,56.3
159393.0,55.3
143682.0,62.7
3397.0,57.7980328918
88546.0,46.7
144232.0,46.8
8826.0,60.6
158010.0,68.5
158859.0,56.3
157530.0,59.2
65139.0,47.8
177405.0,39.1
177762.0,46.4
9887.0,45.4
144651.0,45.8
159507.0,54.3
177352.0,37.7
159473.0,60.4
177236.0,32.7
176150.0,43.3
12402.0,54.045675625
6930.0,47.9
89687.0,37.1
3761.0,60.7780933242
145738.0,68.5
175670.0,42.8
145961.0,65.7
40394.0,66.3
159213.0,64.9
88092.0,43.8
1071.0,72.3
64096.0,49.5
167311.0,26.8
157683.0,58.2
144116.0,65.4
3805.0,54.9
145104.0,60.6
2988.0,49.4
41248.0,60.9
178894.0,29.3
6164.0,49.7150473057
159482.0,56.5
10765.0,43.4
92097.0,42.8524729052
64871.0,49.5
143771.0,59.9
65121.0,47.7
144991.0,63.1
177557.0,32.9
177879.0,32.7
158109.0,65.7
12643.0,60.0
83428.0,80.3
12144.0,53.0
64826.0,50.8
77028.0,39.6
92177.0,43.1
12778.0,58.2
8354.0,57.7
143646.0,61.3
12572.0,40.4
12920.0,57.7
7384.0,64.5
88868.0,38.9
40768.0,53.9
23449.0,39.9
26029.0,29.9
64461.0,57.8
4188.0,59.6
144349.0,56.3
11842.0,47.3
174860.0,54.6
9280.0,65.2
85243.0,42.8
143619.0,68.6
5577.0,49.6
143995.0,63.1
166529.0,51.0
64719.0,49.0
176445.0,24.0
5700.0,62.8
64997.0,46.7
63802.0,44.5
162559.0,20.0
11940.0,51.4
155528.0,72.2
1348.0,67.7
175787.0,37.4
84380.0,43.2
10104.0,50.5
159455.0,53.2
156712.0,59.0
4142.0,61.6
158733.0,52.5
166770.0,29.7
1936.0,55.8
86446.0,47.8
23797.0,46.5
86222.0,40.0
8096.0,62.5
88788.0,29.6
21720.0,50.5
10872.0,55.2
144303.0,59.6
21560.0,46.4
146012.0,64.3
155724.0,58.2
164543.0,36.7
144553.0,65.8
24524.0,49.2
91795.0,43.2
143806.0,66.0
167231.0,23.8
20670.0,31.7
156259.0,58.7
64041.0,43.7
24276.0,40.9
20910.0,60.6
144615.0,62.9
10239.0,51.2
10514.0,53.4
4366.0,65.6
144152.0,56.5
3958.0,48.3
116493.0,62.1
12037.0,62.8
6547.0,56.8
85840.0,46.0
114514.0,66.1
9333.0,72.3
161794.0,56.8
4008.0,37.8
5103.0,61.1
12206.0,60.2
86519.0,45.8
4981.0,52.8988190675
7767.0,56.8
86487.0,50.0
85582.0,50.1
167268.0,22.9
9397.0,70.1
85056.0,49.4
85127.0,56.2
87745.0,49.7
1151.0,55.6
83525.0,62.9
25825.0,46.0
7865.0,63.1
9262.0,73.1
3459.0,46.6
163789.0,32.2
114603.0,65.3
164981.0,32.4
23948.0,32.5
84923.0,45.5
85680.0,60.1
20965.0,62.0
5210.0,54.0
9743.0,56.0
84629.0,39.6
5826.0,55.4821291483
22834.0,36.8
83197.0,57.2
11637.0,42.9
88350.0,37.5
24034.0,32.9
10417.0,52.8
83133.0,72.2
120218.0,43.7
11762.0,45.1
91447.0,43.6
9360.0,65.7
9627.0,61.9
6761.0,47.4
12457.0,49.6
11584.0,59.1
167179.0,41.2
118469.0,48.8
86479.0,61.3
4703.0,46.7
165274.0,42.7
88920.0,29.7532798012
1213.0,64.3
166137.0,32.6
12876.0,65.3
21971.0,27.5
83151.0,52.7
6397.0,53.3637143128
22237.0,24.5
120174.0,50.4026747476
86501.0,47.9
7446.0,35.6
115307.0,53.0
4302.0,43.6
85467.0,44.2
6627.0,51.7604711378
116938.0,59.5
12368.0,57.4
10293.0,57.5
120343.0,47.5
163057.0,12.7
162327.0,33.4
11352.0,52.8
83320.0,72.7
115771.0,47.6418741997
12509.0,50.4
11058.0,46.8
118209.0,49.8
11174.0,40.8
9654.0,63.8
85984.0,45.3
24766.0,40.5
163832.0,39.4
116171.0,43.9
8425.0,43.5
83847.0,45.7
83981.0,49.5
167286.0,32.4
165416.0,16.5
5755.0,62.0
12288.0,55.1449593765
12689.0,41.0
116395.0,51.4
86461.0,49.7
119661.0,66.6
5167.0,52.5
83749.0,54.5
21855.0,37.7
2915.0,49.1
12912.0,54.0
163903.0,34.9
85626.0,51.5
115236.0,57.8
6271.0,21.5
83963.0,59.9
21418.0,26.1
22665.0,37.4
116796.0,51.5
166707.0,30.3
24187.0,37.2
2577.0,7.9
10051.0,53.5
10701.0,47.9
6976.0,44.2
162194.0,30.2
10943.0,53.2
12091.0,64.6
8229.0,37.1
20821.0,60.1
1794.0,59.4
6048.0,55.5
5336.0,49.7
23289.0,35.3
22460.0,35.6
5309.0,55.5
11995.0,60.5
23494.0,28.9
119331.0,59.2
22941.0,29.5
8158.0,53.7
9495.0,67.2
164339.0,26.2
86495.0,43.1
26118.0,26.3
84415.0,59.3
11502.0,56.4
84264.0,48.0
28193.0,59.2
12812.0,54.3
119466.0,59.2
28889.0,52.2
6592.0,56.1
114970.0,56.3
10195.0,55.4
25148.0,31.6
84825.0,50.7
118575.0,47.7
11398.0,56.6
86438.0,51.0
12340.0,56.4
24631.0,45.4
116439.0,50.0
117827.0,61.1
1455.0,55.2
162498.0,31.7
3039.0,44.9
27007.0,49.6
6468.0,29.9
2130.0,39.4
167222.0,27.5
119894.0,65.5
115824.0,58.6
118511.0,51.0
165817.0,37.1
10649.0,59.1
58311.0,65.9
11307.0,63.914065639
162693.0,20.8
117042.0,34.4
11478.0,60.6762030034
116046.0,57.9
166672.0,37.0
84237.0,55.4
26920.0,53.3
162791.0,24.7
21338.0,38.2
114710.0,63.0
165470.0,20.2
6119.0,39.3431872172
9538.0,65.1
162069.0,20.0
83785.0,30.6
167035.0,38.8
84175.0,42.2
21098.0,44.2
86366.0,34.5
23387.0,46.7
163137.0,36.8
7197.0,33.1
117925.0,71.2
4767.0,34.0
84754.0,48.3
55357.0,63.5
120478.0,31.3
28709.0,55.7
29948.0,58.9
26840.0,49.6
25521.0,20.0
118281.0,57.2
9832.0,62.0
25629.0,37.6
4525.0,38.3
12242.0,55.7
119386.0,51.2
117667.0,52.3
20411.0,62.5
2381.0,49.7
86311.0,33.5
118637.0,52.3172713373
24837.0,22.3
163324.0,39.2
119858.0,57.01494709
120496.0,43.0
85074.0,41.6
58008.0,45.7
120511.0,50.9
84102.0,50.6
114417.0,70.5
10916.0,47.8
120076.0,55.1
118691.0,56.3
162595.0,36.9
163967.0,17.9
25932.0,31.5
30773.0,55.0
117275.0,54.8
114453.0,71.1
9459.0,69.1
166869.0,13.3
120502.0,46.3
10373.0,58.3
164687.0,36.2
86453.0,47.2
21668.0,37.5
29760.0,50.8
25291.0,40.0
12224.0,50.8
164749.0,27.3
119750.0,55.2
21597.0,39.8
120370.0,54.5
116652.0,57.0
12126.0,54.9
119974.0,61.2
86339.0,51.7
115389.0,47.5
20313.0,69.7
85341.0,45.0
83464.0,45.2
117505.0,55.8
165336.0,32.3
58357.0,43.5
31609.0,53.6
119803.0,49.6
30336.0,48.1
27971.0,52.7
167320.0,29.7
10532.0,49.2
11735.0,54.2
114854.0,65.8
56844.0,62.1
84086.0,45.9
22781.0,43.0
165069.0,27.0
25861.0,45.4
21196.0,29.9
56014.0,44.6
26361.0,37.2
115959.0,56.0
84656.0,39.8
29243.0,59.4
118824.0,44.8
21123.0,45.5
164598.0,34.8
26379.0,46.1
117113.0,55.3
11423.0,46.2
118370.0,48.8
12849.0,58.0
29403.0,47.6
117177.0,51.7
163486.0,21.9
57225.0,56.7
22718.0,34.1
9798.0,51.1
163208.0,27.7
85920.0,48.3
58534.0,52.2
85760.0,58.4
59327.0,62.8
162452.0,35.1
26353.0,33.2
161945.0,51.5
116126.0,52.2
164393.0,27.9
21506.0,35.3
25228.0,47.0
26804.0,59.0
120316.0,50.3
21249.0,41.1
115600.0,43.9085576653
23644.0,28.8
31422.0,38.9
57742.0,60.2
24711.0,40.1
167302.0,33.0
122061.0,33.5
115708.0,47.7
118799.0,48.6
30229.0,45.5
30416.0,53.5
118995.0,48.6
166182.0,36.0
124616.0,43.4
163379.0,25.3
165979.0,31.5
59238.0,39.8
116340.0,43.4603765664
31921.0,53.6
84558.0,51.8
167277.0,14.8
119527.0,40.4
57706.0,80.0
20778.0,54.7
27285.0,52.5
165611.0,21.5
124028.0,36.2
23207.0,27.8
166315.0,23.6
115851.0,59.8
116723.0,34.1
122132.0,40.7
59657.0,55.6
119242.0,59.7
30719.0,51.6
28665.0,43.6
164062.0,6.2
28941.0,54.0
163681.0,17.8
166057.0,32.0
57902.0,72.0
28763.0,52.3
28139.0,53.8
27383.0,44.1
30648.0,50.6
58464.0,50.4
34422.0,41.6877598176
121153.0,36.0
84594.0,45.8
27846.0,52.2
122249.0,43.4
165130.0,29.3
121732.0,41.6
56461.0,49.8
56522.0,45.2
35312.0,34.4
166636.0,38.1
22576.0,37.7
167240.0,22.0
58393.0,55.9
123255.0,15.7
28077.0,49.0
85412.0,48.5
117550.0,55.7
58623.0,53.5
124885.0,14.7
83561.0,62.9
167295.0,34.0
123674.0,43.8
166985.0,24.0
123228.0,41.0
31841.0,51.6
56568.0,56.1
167071.0,22.4
117783.0,59.6
56354.0,56.9
165899.0,32.3
30470.0,49.6
59283.0,27.9
31057.0,47.0
33881.0,54.5
31789.0,47.0
117426.0,49.0
121297.0,51.5
29573.0,45.3
162149.0,26.3
33845.0,46.8
123479.0,35.9
117319.0,54.9
59434.0,49.6
163618.0,36.4
58259.0,77.0
58204.0,57.4
163734.0,35.5
30844.0,45.7
56773.0,54.5
85877.0,44.3
161856.0,51.2
115147.0,51.4
58794.0,47.8
120824.0,52.4
84344.0,45.1
124493.0,50.1
115897.0,52.7
26975.0,62.7
57831.0,55.0
57948.0,59.0
34477.0,43.5
55446.0,57.2
120771.0,61.9
124563.0,55.3
30014.0,57.4
119153.0,63.6
84460.0,45.1
56210.0,59.4
29813.0,42.4
121340.0,49.5
29662.0,43.5
56265.0,54.7
29154.0,42.0
59041.0,52.1
59586.0,46.4
28335.0,44.1
85528.0,50.6
125098.0,40.7
27935.0,52.9
59416.0,61.2
55473.0,53.1
98202.0,11.3
28246.0,48.1
33952.0,58.7
31510.0,44.1
97553.0,16.0
141081.0,45.3
32195.0,52.6
122702.0,48.9
116545.0,55.9
27686.0,44.3
29341.0,32.4
29519.0,48.7
60099.0,50.6
86133.0,49.6
122285.0,50.6
139982.0,49.9
120968.0,59.8
60169.0,50.8
140869.0,44.5
143147.0,39.6923929907
32090.0,45.0
57546.0,53.4
55776.0,43.4
119625.0,58.4
34850.0,55.7
31976.0,53.1
33015.0,50.2
32179.0,51.1
55384.0,65.0
34645.0,50.3
57644.0,59.9
26582.0,66.3
28816.0,46.8
122392.0,26.0
30069.0,47.5
33658.0,53.6
124411.0,42.0
59498.0,46.7
26742.0,49.6
30149.0,59.2
122025.0,58.6
142676.0,44.8
84148.0,51.2
31878.0,49.0
141027.0,34.7
27560.0,47.7
122864.0,52.6
33435.0,54.9
55623.0,41.7
58856.0,37.2
120138.0,51.9
58552.0,57.4
30274.0,54.6
123969.0,38.5
139937.0,45.7
83632.0,53.9
179686.0,46.2
30871.0,54.7
26653.0,75.8
118058.0,54.6
32704.0,53.6
32884.0,47.9
118931.0,52.3
142612.0,38.6
32201.0,45.4
34075.0,54.3
179631.0,51.8
29467.0,50.1
122953.0,44.6
140208.0,37.5
29902.0,46.1
29724.0,43.4
31716.0,47.2
32161.0,62.9
97517.0,33.3
142426.0,42.7
34770.0,50.0
142337.0,42.1
26564.0,70.4
56096.0,36.5
32660.0,48.3
59130.0,44.1
26699.0,51.4
123790.0,48.2
142079.0,52.3
32483.0,62.7
141232.0,40.1
27757.0,44.0
124849.0,33.6
141312.0,42.4
55062.0,68.6
27631.0,74.4
28415.0,49.3
27436.0,64.5
33541.0,48.7
143067.0,41.7222329998
139704.0,67.3
34173.0,45.4
122551.0,43.7
143021.0,39.0
140672.0,49.6
33382.0,53.0
59942.0,49.5
31128.0,48.3
33202.0,45.8
31208.0,48.0
140770.0,37.0
35269.0,55.8
179695.0,45.7
96003.0,39.9
29038.0,42.0
149682.0,48.6
34235.0,61.9
97679.0,54.4
98220.0,40.8
142122.0,57.7
179953.0,48.2
57314.0,60.7
141722.0,48.1
123521.0,41.9
33122.0,50.4
95747.0,57.0
139884.0,58.7
140823.0,58.7
30568.0,47.8
31262.0,59.3
142284.0,54.7
56666.0,58.2
150445.0,48.5
33989.0,47.0
121652.0,45.1
31011.0,54.2
32955.0,47.8
121938.0,30.5
141946.0,48.2
142499.0,50.9
32187.0,48.0
28610.0,46.2
140084.0,47.3
33364.0,50.4
141376.0,53.5
141134.0,55.9
32811.0,49.5
125132.0,31.9
33514.0,37.4
142373.0,50.9
140958.0,48.2
32544.0,65.0
28530.0,47.5
140324.0,44.2
149851.0,55.4
31654.0,51.8
141884.0,54.441268118
142006.0,45.9
140440.0,48.2
34547.0,39.8
140477.0,50.0
33248.0,51.5
179720.0,58.8
27329.0,46.2
57083.0,51.7
140583.0,50.2
147072.0,42.5
34262.0,43.9
98257.0,38.9
179659.0,43.8
27070.0,52.6
142854.0,38.1
141786.0,59.7
147054.0,43.8
142881.0,47.7
141580.0,58.6
179944.0,41.0
33337.0,49.7
33177.0,43.9
142550.0,49.5
27169.0,44.5
150114.0,41.0
29092.0,43.7
149655.0,44.2
146744.0,61.2
33603.0,57.0
142177.0,42.6
96147.0,62.6
150766.0,39.0
107868.0,49.8
140280.0,41.9
140501.0,45.5
107430.0,57.8
30915.0,42.5
148131.0,45.6
151488.0,43.8
140244.0,54.0
27506.0,45.4
109354.0,61.9
137844.0,39.7
32045.0,44.5
27908.0,45.9
26877.0,60.1
109425.0,56.0
109041.0,44.1
28497.0,37.4
149316.0,38.4
34155.0,38.8
150258.0,29.8
108366.0,48.8
146539.0,61.2
150356.0,45.4
137130.0,47.8
149968.0,38.8
35152.0,34.6
151497.0,51.0
107234.0,40.9
150891.0,24.7
151549.0,43.6
109265.0,54.4
138538.0,46.0
30988.0,49.8
150070.0,44.2
32599.0,53.1
138770.0,42.6
138921.0,42.8
35429.0,45.0
31565.0,44.6
151451.0,51.4
151503.0,40.2
147465.0,32.5
107190.0,46.4
179837.0,60.8
151576.0,37.9
106817.0,63.4
109176.0,56.8
151157.0,27.5
149227.0,32.6
149049.0,34.1
34280.0,50.2
108918.0,62.5
108268.0,56.0
35054.0,50.6
108491.0,59.7
146502.0,66.6
148612.0,56.9
146584.0,68.9
138734.0,44.2
149753.0,39.7
179855.0,62.4
107118.0,40.2
136713.0,40.8
107733.0,55.2
31333.0,44.7
95667.0,30.3
34618.0,58.8
136768.0,44.1
179622.0,50.2
34360.0,54.8
37280.0,39.8
108794.0,63.8
150588.0,36.6
148765.0,55.7
107920.0,43.1
108222.0,46.0
108712.0,58.6
179846.0,56.4
150178.0,57.3
32027.0,59.3
29001.0,50.3
39872.0,35.8
107083.0,52.7
137103.0,52.0
106363.0,69.2
147660.0,47.9
150935.0,46.7
108035.0,69.4
108106.0,70.9
107582.0,48.1
148453.0,31.1
36569.0,29.2
138501.0,65.0
139107.0,52.0
149780.0,37.7
147205.0,35.6
151530.0,32.2
107154.0,44.7
108874.0,43.1
36907.0,26.5
137292.0,48.1
108017.0,48.9
151433.0,38.9
108348.0,49.3
36499.0,33.6
37912.0,32.2
107485.0,49.4
108892.0,44.8
39266.0,31.7
106782.0,58.5
109096.0,46.4
108204.0,43.5
36756.0,33.9
38893.0,34.1
137504.0,56.5
179604.0,48.5784758157
149370.0,51.6
148729.0,49.7
137899.0,52.1
138663.0,48.5
106746.0,44.3
179613.0,49.5
107403.0,40.3
150524.0,37.9
147713.0,47.8
138618.0,61.2
146708.0,45.5
106684.0,62.6
139287.0,46.9
35759.0,50.7
150980.0,51.7
36131.0,29.6
39738.0,38.8
108669.0,46.5
39983.0,20.2
146860.0,35.7
35884.0,32.8
38848.0,32.4
151442.0,35.9
109504.0,43.4
179677.0,65.1
139250.0,65.5
137540.0,55.4
136553.0,59.2
151512.0,40.1
147937.0,36.3
108240.0,43.1
137611.0,46.5
35731.0,62.5
151521.0,36.5
36453.0,54.0
107975.0,52.0
109005.0,42.9
149539.0,46.1
37217.0,30.9
107546.0,50.9
151120.0,40.5
150418.0,47.9
108400.0,55.4
108696.0,45.5
38063.0,59.2
37459.0,28.6
139358.0,61.6
151460.0,31.6
148970.0,36.2
150196.0,47.9
107314.0,46.3
37850.0,30.2
106979.0,46.8
35839.0,46.3
39168.0,42.8
151344.0,33.5
108151.0,50.3
108455.0,42.7
179864.0,54.6
39532.0,29.0
38811.0,34.2
147580.0,40.6
106648.0,55.0
37100.0,32.7
151246.0,44.4
36373.0,35.3
151558.0,33.2
137675.0,45.4
37057.0,30.9
39694.0,39.2
38456.0,39.4
148872.0,43.5
107270.0,36.4
147241.0,43.4
148694.0,44.2
108632.0,41.8
150294.0,40.4
39612.0,34.4
39959.0,25.0
179873.0,47.7
108614.0,42.4
147036.0,41.4
38241.0,27.1
108473.0,28.1
108598.0,30.4
107350.0,46.6
39942.0,36.5
39967.0,34.6
138164.0,45.4
137960.0,45.5
38731.0,29.2
137407.0,64.9
39417.0,30.6
36676.0,32.9
38161.0,38.2
39122.0,33.3
108945.0,51.6
39792.0,40.1
107715.0,43.3
37618.0,32.3
36426.0,39.9
137069.0,44.2
36060.0,46.9
108552.0,47.3
36006.0,59.8
37011.0,42.6
180028.0,44.9
39836.0,28.7
39220.0,35.8
137274.0,42.1
36649.0,26.2
37672.0,22.6
139170.0,45.2
36202.0,25.1
136919.0,38.5
37397.0,26.4
37173.0,33.2
37958.0,34.2
37823.0,39.1
40035.0,16.8
38544.0,35.5
37547.0,31.7
139009.0,46.6
38321.0,32.4
36952.0,41.3
38376.0,35.4
36532.0,26.4
38982.0,32.2
39658.0,35.1
36809.0,31.7
37770.0,25.5
35946.0,38.3
38633.0,38.9
38492.0,34.0
49894.0,42.2
151077.0,45.8
116224.0,41.8668611463
10346.0,55.1
9690.0,62.4
161829.0,57.2
165185.0,30.9
102071.0,51.7
102106.0,47.4
98505.0,45.9
87843.0,37.9834565217
2309.0,32.7
32633.0,55.1
35090.0,48.7
51877.0,51.9
93575.0,40.4
41033.0,68.2
42456.0,42.1
40955.0,64.2
102570.0,82.2
179249.0,99.7
167259.0,43.6
175260.0,28.8
90878.0,51.4
101519.0,45.7
103238.0,33.2
103693.0,38.3
140379.0,45.1
141535.0,40.5
140547.0,47.4
150702.0,25.7
142710.0,62.1
139811.0,53.5
39051.0,39.8
39328.0,39.3
34397.0,51.5
116590.0,44.0
118094.0,53.3
134559.0,40.3
114382.0,73.2
114355.0,65.1
116983.0,58.1
116288.0,60.3
118753.0,55.1
116867.0,52.7
115575.0,59.1
114925.0,58.8
83491.0,63.1
83936.0,53.8
86188.0,51.5
173230.0,41.3
168960.0,51.6
175055.0,63.4
177469.0,25.8
177842.0,49.9
149138.0,46.8
149931.0,56.3
162014.0,33.1
164936.0,53.3
69964.0,50.2
71126.0,37.8
73246.0,58.3
130124.0,37.1
65645.0,47.9
69615.0,53.7
78711.0,54.0
78258.0,57.1
40544.0,72.4
131210.0,80.8
40367.0,65.3
41088.0,77.8
64425.0,60.6
40820.0,64.0
41943.0,45.2
73013.0,43.2
22488.0,36.4
23868.0,28.6
23047.0,42.1
22059.0,31.9
21757.0,38.2
21454.0,43.6
20607.0,29.3
22898.0,36.3
144198.0,61.3
144731.0,64.5
144376.0,50.3
144410.0,62.0502358766
143450.0,76.3
143502.0,57.0
143520.0,53.6
115076.0,53.8
145220.0,55.5
144713.0,36.8
169119.0,40.6
132164.0,46.2
136269.0,50.2
130534.0,69.9
134014.0,65.2
131069.0,65.9
133964.0,69.1
134050.0,68.7
134853.0,61.3
9574.0,58.2
124117.0,50.9
55838.0,71.8
56988.0,65.6
56327.0,55.9
59826.0,58.9
125061.0,43.2
123175.0,34.6
124073.0,34.7
142774.0,52.8
142952.0,46.3
140627.0,54.4
139740.0,56.3
180037.0,44.1
142239.0,50.8
75150.0,75.8
77331.0,53.9
75114.0,59.6
77180.0,49.5
77153.0,60.0
77313.0,51.7
76763.0,23.8
76601.0,44.0
76674.0,56.0
77082.0,43.5
75203.0,62.5
76932.0,35.0
77288.0,42.0
76004.0,42.6
77260.0,40.5
76692.0,58.3
75515.0,45.5
77126.0,41.8
75686.0,42.7
76638.0,27.6
76317.0,43.1
75711.0,50.3
76111.0,44.7
77402.0,46.8
76139.0,46.1
76040.0,44.9
75819.0,39.8
76807.0,40.1
75766.0,30.8
76406.0,35.5
75917.0,41.6
77579.0,44.3
76175.0,29.0
76157.0,45.2
75542.0,38.6
75338.0,44.3
77561.0,32.1
164829.0,12.8
75613.0,41.8
164133.0,36.9
153151.0,40.5
59880.0,53.3
55160.0,55.4
32768.0,51.2
115520.0,56.0
117998.0,50.9
34985.0,52.1
54485.0,49.4643293443
51699.0,57.5
51662.0,43.5517735725
51751.0,38.8
53791.0,49.9
51984.0,55.7
55687.0,76.6
57350.0,56.7
58990.0,60.1986165453
58142.0,63.4
57449.0,49.6
159259.0,51.3
53755.0,47.7
52062.0,43.4
52785.0,51.2
158804.0,51.8
63447.0,59.0
101822.0,36.5
104181.0,39.7
103568.0,19.5
104886.0,23.3
93888.0,63.0
93370.0,48.9
94330.0,41.1
93101.0,39.8
94081.0,46.1
104680.0,40.5
101458.0,41.9
179757.0,51.5
102945.0,53.9
92658.0,67.8
92961.0,40.1
94562.0,40.3
93156.0,48.9
34903.0,60.0
43331.0,55.9
43279.0,29.1
43867.0,36.8
43563.0,41.5
43992.0,47.2
44355.0,43.9
44505.0,38.0
44202.0,40.6
44532.0,45.3
43073.0,45.5
42913.0,42.5
43787.0,41.9
43929.0,33.2
43019.0,39.2
44113.0,32.0
43625.0,41.2
44060.0,46.1
44462.0,29.0
43180.0,33.2
21007.0,42.7
23975.0,33.4
179463.0,88.4
101742.0,66.3
102605.0,88.7
101617.0,41.2
105874.0,51.0
26346.0,34.0
26338.0,37.0
24999.0,35.6
23127.0,24.1
21891.0,27.0
25362.0,34.8
24427.0,28.0
41701.0,38.8
42498.0,30.3
179926.0,29.9
68976.0,40.6
67327.0,52.5
179891.0,44.8
67773.0,47.3
73317.0,43.8
74949.0,40.4
71199.0,39.1
71572.0,44.5
73852.0,28.7
72953.0,35.8
74923.0,36.1
73665.0,39.9
73905.0,35.5
93735.0,47.2
179702.0,42.4
179980.0,45.2
93236.0,48.7
102703.0,40.5
180019.0,38.2
179784.0,21.0
102240.0,49.9
136802.0,55.6
108963.0,62.2
180091.0,54.305934685
107662.0,58.4
138084.0,56.8
138351.0,43.0
9026.0,57.4
7348.0,58.7
95239.0,64.5
100353.0,82.9
148293.0,44.9
8014.0,60.5
11664.0,35.4
73709.0,43.0
74536.0,43.9
73567.0,44.0
70110.0,54.9
160779.0,45.3453528506
161133.0,48.7745031294
171021.0,61.9
179285.0,72.4
87362.0,50.9
89428.0,47.7
90431.0,56.7
86810.0,58.4
151585.0,43.9
131407.0,57.7
93487.0,40.0
24089.0,32.1
77587.0,39.1
76255.0,44.1
75472.0,46.4
75221.0,47.2
75668.0,42.6
77601.0,54.1
123013.0,26.0
121876.0,28.4
123102.0,35.9
124233.0,39.7
123709.0,23.5
125150.0,39.5
120860.0,59.8
122613.0,36.5
125105.0,25.2
124153.0,43.5
120888.0,61.8
124634.0,43.2
125169.0,33.1
121466.0,32.2
125123.0,25.8
122668.0,42.4
121607.0,43.9
124331.0,28.4
97811.0,44.4
121796.0,38.9
97777.0,31.2
124750.0,38.3
96110.0,29.0
125114.0,38.5
122187.0,34.6
124803.0,37.7
100362.0,29.9
122908.0,47.8
121108.0,46.7
123371.0,38.8
95612.0,35.0
123424.0,41.0
98051.0,38.5
99058.0,26.7
121055.0,62.8
124661.0,41.0
95499.0,43.7
125016.0,42.5
100326.0,41.9
99539.0,29.6
97063.0,28.9
100086.0,38.5
96478.0,32.4
100317.0,24.8
99600.0,30.3
100344.0,27.3
95943.0,37.6
151022.0,34.3
148426.0,43.0
150221.0,44.1
146799.0,44.3
149290.0,42.5
146655.0,60.6
74956.0,40.8
149183.0,32.0
178607.0,58.7
144599.0,50.6
143557.0,86.0
119590.0,59.7
9930.0,54.5
14584.0,52.7
16427.0,47.8
67835.0,37.9
152760.0,41.8
126825.0,42.7
148006.0,36.4
148097.0,40.9
154709.0,39.6
97189.0,35.3
112904.0,48.3606632448
166413.0,28.8
112245.0,53.3
65105.0,55.6
22380.0,43.2
65154.0,52.1
126905.0,29.0421063975
19793.0,50.7
72276.0,41.2
79932.0,36.7
104788.0,37.9
31379.0,35.2
27212.0,52.1
17049.0,46.0
17619.0,50.6
13935.0,67.6
17496.0,68.9
15983.0,46.3
16506.0,29.9
176212.0,41.5
178046.0,36.2
44845.0,56.5
178947.0,45.0
50399.0,48.7
48842.0,47.4
177655.0,21.3
48682.0,42.6
135315.0,44.8
46180.0,46.4
48227.0,42.0
45959.0,44.6
49484.0,46.4
63688.0,52.0
13392.0,74.7
13365.0,72.4
13169.0,70.3
105295.0,32.9
14940.0,47.6
18411.0,38.7
17726.0,40.5
90805.0,49.1
87291.0,54.5
91535.0,46.8387242037
87996.0,58.9
88449.0,52.2
88261.0,60.1
111818.0,35.0578799619
112334.0,39.8
112370.0,29.1
110456.0,22.6
115183.0,46.4
120254.0,44.3
40704.0,56.8
119206.0,46.3
152127.0,33.0
153605.0,41.8
152948.0,38.1
155154.0,36.0
154790.0,34.7
154852.0,29.1
155127.0,28.6
153240.0,34.5
154521.0,31.7
153026.0,20.3
152582.0,42.7
152528.0,26.1
154585.0,27.6
153277.0,39.6
152467.0,30.7
153124.0,47.1
153543.0,40.6
153295.0,22.5
151932.0,35.4
153384.0,46.0
152564.0,43.7
154497.0,40.0
153339.0,34.1
152993.0,41.8
151834.0,43.9
154914.0,47.5
152797.0,26.7
153972.0,21.1
154013.0,38.6
154139.0,34.5
152868.0,34.5
113206.0,46.4
124938.0,66.4
123601.0,50.9
121242.0,47.5
120726.0,65.7
122828.0,41.8
123914.0,39.5
136964.0,46.3
110571.0,24.6
111587.0,3.3
137032.0,49.9
138280.0,62.4
137185.0,59.8
179882.0,54.3
138208.0,43.7
137728.0,70.5
136526.0,66.0
137746.0,46.2
137764.0,47.0
136599.0,63.3
139330.0,56.4
112469.0,48.6
109773.0,54.3
109826.0,49.0
110820.0,41.2
174254.0,62.8
138431.0,58.8
138574.0,49.6
136483.0,69.9
139143.0,41.9
137229.0,42.3
137363.0,41.2
138805.0,39.2
136642.0,58.0
139054.0,46.9
138039.0,47.3
139214.0,46.2
138869.0,36.5
139394.0,50.8
136848.0,52.3
137443.0,51.0
152412.0,37.3
152270.0,30.404670717
155136.0,26.8
152083.0,32.1
152252.0,45.6
154380.0,42.1
153106.0,36.3
101902.0,70.6
102525.0,64.5
104136.0,64.7
104421.0,44.7
102035.0,83.1
179310.0,85.1
102543.0,73.8
179383.0,67.7
105570.0,81.9
101298.0,78.3
179481.0,96.3
100969.0,86.0
102160.0,96.3
102286.0,83.3
104387.0,42.8
104546.0,68.0
102473.0,69.8
105026.0,40.8
103130.0,63.9
105419.0,81.9
179551.0,91.3
100834.0,77.3
60883.0,38.0
174520.0,55.2818804499
168309.0,37.6
168229.0,40.1
169253.0,49.7
171931.0,33.8
174156.0,70.8
168130.0,54.1
167473.0,68.3
62020.0,47.5
62823.0,51.7
62538.0,45.4
62057.0,35.1
63286.0,87.6
62798.0,23.3
60801.0,52.3
153623.0,36.0
155083.0,36.7
152617.0,30.2
63300.0,22.4
61069.0,37.3
61737.0,22.9
63161.0,29.1548178325
61318.0,48.6
164892.0,25.8
98168.0,42.8
97394.0,40.6
97438.0,47.2
100308.0,26.6
96593.0,27.2
97241.0,28.2
98685.0,38.5
97875.0,20.2
96423.0,25.1
98113.0,33.0
96370.0,31.3
95088.0,72.0
95293.0,60.6
99922.0,45.1
98373.0,54.2
96940.0,36.6
99968.0,43.1
96637.0,45.2
97090.0,31.4
98738.0,39.5
97009.0,36.2
98998.0,38.3
99101.0,36.7
100148.0,34.0
38679.0,32.7
99879.0,36.6
125141.0,21.8
98435.0,26.0
99209.0,25.4
99165.0,40.2
97722.0,22.5
95792.0,44.6
95391.0,60.6
96664.0,34.0
100273.0,40.9
95872.0,27.1
97606.0,35.0
96334.0,29.1
100282.0,20.0
97321.0,28.9
98827.0,33.9
95159.0,50.1
99478.0,38.7
95060.0,67.9
148514.0,34.1
37324.0,24.7
162871.0,32.1
162924.0,30.2
95355.0,51.6
163253.0,18.9
165719.0,15.1
163002.0,27.6
98916.0,29.2
96192.0,24.4
99290.0,30.7
96888.0,33.7
100004.0,31.6
38580.0,29.0
37734.0,32.0
162381.0,26.5
96717.0,28.4
121386.0,40.4
122347.0,26.5
125178.0,29.3
98300.0,25.5
96058.0,40.1
98337.0,34.8
39391.0,41.4
96904.0,30.3
99370.0,27.9
166235.0,25.6
98649.0,34.3
99441.0,33.0
96815.0,38.2
62878.0,43.2
62191.0,63.7
63125.0,70.6
61675.0,39.8
62949.0,52.9
61452.0,41.1
62360.0,52.1
63045.0,50.9
63278.0,41.6
61283.0,45.1
61005.0,24.9
61951.0,30.4
61256.0,49.0
61808.0,42.6
63294.0,43.2
62761.0,53.1
60847.0,58.9
63170.0,43.0474608159
61559.0,41.7
61620.0,67.3
62609.0,38.1
61513.0,58.3
60507.0,67.7
11236.0,54.0
74907.0,40.2
130678.0,78.5
179999.0,38.9
76745.0,52.1
25692.0,39.6
23715.0,48.9
100219.0,29.9
99673.0,23.0
99780.0,32.4
98774.0,36.8
98603.0,35.5
160172.0,41.0
160261.0,45.9
161231.0,46.681855214
160911.0,41.3
161482.0,36.2
159614.0,63.9
161053.0,42.0
161302.0,50.1
160724.0,42.3
161552.0,42.7
159687.0,59.0
161035.0,45.1
161561.0,39.0
160387.0,46.1
160476.0,25.2
160127.0,42.3
160617.0,59.1
161525.0,55.2
161286.0,23.3
159730.0,59.6
159945.0,37.2
160323.0,37.9
160305.0,40.8
161384.0,42.5
160528.0,37.6
160564.0,43.7
160225.0,37.6
159650.0,50.6
161179.0,38.8
159785.0,45.1
161348.0,45.4
159963.0,39.3
159847.0,38.7
161259.0,35.1
160831.0,39.0
161543.0,50.8
160680.0,46.7
160092.0,44.7
52856.0,45.7
157362.0,45.7
52650.0,56.5
160877.0,46.1
62253.0,43.8
160644.0,43.6
57582.0,74.9
55598.0,67.6
56425.0,58.1
58918.0,41.4
55311.0,63.2
59764.0,66.6
161151.0,34.4
161106.0,41.2
159767.0,48.7
159883.0,44.3212579647
4927.0,60.5
1017.0,75.5
155145.0,43.6
130062.0,21.3
125418.0,57.4
127019.0,36.7
125347.0,71.5
128711.0,50.8
128436.0,48.8
129656.0,50.4
107047.0,56.6
107519.0,46.6
106559.0,63.3
106620.0,50.3
34690.0,55.5
33275.0,53.5
33765.0,53.4
160993.0,25.0
148382.0,35.2
12055.0,49.5
62397.0,53.1
60945.0,41.8
62707.0,49.8
63318.0,56.3
60776.0,65.1
62903.0,31.6
62280.0,49.2
61826.0,47.4
63152.0,62.9
63072.0,53.7
63189.0,46.7
62440.0,49.0
61167.0,36.4
61210.0,47.9
61121.0,49.9
60687.0,68.6
62137.0,38.5
86687.0,68.1
89801.0,47.5
91330.0,65.1
14272.0,45.0
154184.0,40.8
127126.0,50.9
151870.0,57.6
153936.0,39.8
110740.0,38.2
111006.0,27.2
113518.0,22.2
111989.0,19.4
113233.0,26.1
113732.0,17.6
120922.0,52.3
124723.0,41.8
122463.0,46.3
113607.0,44.6168354643
51449.0,43.5
179533.0,82.8
101145.0,85.6
102213.0,77.3
85788.0,56.5
85289.0,44.0
22166.0,49.1
20563.0,61.5
23350.0,34.6
26320.0,46.3
20466.0,55.8
104243.0,68.1
113894.0,26.7
113466.0,36.4
179748.0,58.5
101341.0,49.4
105534.0,68.9
26289.0,61.0
20876.0,62.1
26083.0,35.5
25068.0,45.6
25745.0,34.2
13187.0,73.3
14851.0,60.1
20063.0,49.7
13490.0,63.4
77595.0,46.5
77224.0,53.6
79736.0,50.0
80980.0,39.0
80285.0,57.8
82895.0,62.3
81576.0,50.1
87059.0,53.2
87139.0,61.2
82430.0,52.2
91731.0,60.4980739022
87576.0,66.0
90663.0,48.1
86883.0,43.1
132805.0,74.4
131274.0,65.7
87665.0,65.1
88047.0,64.3
91116.0,52.8
90538.0,43.1
87077.0,59.0
86990.0,64.5
89561.0,63.2
90994.0,55.1
1696.0,61.6
125999.0,45.0
128659.0,42.5
106461.0,66.1
106318.0,67.1
106407.0,70.6
178279.0,50.1
175885.0,53.5
175983.0,37.6
176338.0,26.6
174922.0,48.5
176793.0,39.2
55106.0,61.1
55008.0,68.6
55277.0,66.4
55259.0,63.9
58721.0,59.4
57163.0,50.3
60026.0,45.2096775071
55918.0,47.5
60062.0,62.0
59693.0,57.8
179347.0,69.6
12938.0,64.7
10827.0,53.0
103014.0,46.4
179515.0,75.5
89151.0,54.7080677732
90066.0,50.0872302029
10453.0,47.7
104047.0,29.7
22111.0,27.8
60598.0,59.4
95471.0,60.4
42708.0,67.7
42682.0,61.7
155591.0,57.1
159491.0,51.7
124206.0,45.3
100335.0,47.1
167794.0,48.7
167696.0,65.5
151763.0,43.6
154736.0,40.3
151683.0,52.7
141447.0,45.1
140146.0,45.8
174085.0,41.0
169681.0,36.0
131461.0,48.8
159437.0,72.7
131103.0,65.7
102909.0,43.8
100521.0,62.4
115637.0,48.7
60419.0,73.4
63198.0,37.9
152902.0,40.7
154834.0,41.8
62672.0,47.3
60721.0,60.2
63334.0,55.2
107001.0,49.4
82555.0,48.9
78926.0,37.1
91937.0,39.1
90208.0,48.5
54975.0,80.1
155109.0,36.8
153829.0,40.8
25488.0,47.0
24338.0,34.6
178938.0,46.2
178956.0,52.3
42058.0,48.5
64265.0,48.2
83375.0,64.4
96254.0,60.3
97919.0,78.0
18162.0,35.4
16739.0,44.8
66857.0,36.2
153062.0,41.9
154308.0,39.3
60455.0,74.1
120487.0,82.3
114319.0,72.2
119723.0,58.4
114809.0,67.0
60632.0,65.6
60482.0,70.7
62985.0,57.7
63326.0,52.7
61372.0,63.4
148202.0,53.6
32153.0,55.7
77377.0,43.2
76497.0,35.6
39975.0,26.9
36300.0,33.8
155760.0,62.7
159384.0,65.5
72007.0,44.7
70637.0,42.1
71340.0,50.4
126674.0,20.7
127288.0,40.8
105160.0,81.5
103513.0,66.3
103997.0,81.6
101957.0,80.0
179409.0,82.6
40900.0,84.8
40198.0,73.6
20297.0,62.3
20359.0,57.6
32394.0,70.9
33729.0,54.7
33621.0,59.9
34333.0,52.8
148916.0,45.8
146995.0,37.7
43493.0,28.8
18331.0,46.1
15233.0,66.2
18475.0,48.3
150310.0,40.1
151567.0,26.6
148328.0,24.6
147134.0,52.5
149414.0,48.1
146432.0,69.0
149833.0,38.1
146325.0,44.9
146370.0,52.2
146281.0,67.1
146263.0,66.6
161464.0,47.5
160430.0,47.4
11539.0,58.8
152350.0,28.8
97465.0,19.7
75864.0,32.8
75356.0,36.1
52909.0,6.9
51056.0,52.4
155261.0,96.5
77475.0,46.7
75953.0,47.0
61871.0,36.0
146904.0,38.8
147786.0,39.8
149502.0,30.6
149101.0,46.1
151479.0,43.8
148667.0,38.5
149584.0,16.0
151095.0,42.2
150043.0,45.3
146628.0,64.9
147161.0,43.8
147526.0,43.7
147358.0,49.3
147884.0,45.5
111220.0,42.0117639549
179221.0,84.1
147633.0,25.5
146931.0,49.2
103443.0,62.0
104582.0,54.7
164197.0,25.8
164277.0,29.0
51840.0,30.7503770577
66081.0,67.5
66152.0,46.1
91688.0,57.6
87638.0,65.2
80766.0,35.2
155494.0,66.0
157451.0,56.9
60570.0,75.1
60534.0,65.3
179711.0,50.6
67256.0,52.5
179132.0,74.9
